, company, location, date, url
Information Systems Internship,Hammerton Lighting,Salt Lake City  UT 84116,undefined,https://www.indeed.com/jobs?q=software+engineer+intern&l=Utah&limit=50&radius=25&start=0
Mechanical Engineering Intern,O.C. Tanner,Salt Lake City  UT 84115,undefined,https://www.indeed.com/jobs?q=software+engineer+intern&l=Utah&limit=50&radius=25&start=0
Optical Engineer,TriLumina Corp.,United States,undefined,https://www.indeed.com/jobs?q=software+engineer+intern&l=Utah&limit=50&radius=25&start=0
Software Developer Intern,BlenderBottle,Lehi  UT 84043,8 days ago,https://www.indeed.com/viewjob?jk=f6931f0e10fa71f8&fccid=5c416f76aca2d73b&vjs=3
Software Engineer Intern (Back End),Pickcoo,Salt Lake City  UT 84115,22 days ago,https://www.indeed.com/jobs?q=software+engineer+intern&l=Utah&limit=50&radius=25&start=0
Software Engineer Internship,Kuali,Lehi  UT 84043,30+ days ago,https://www.indeed.com/viewjob?jk=2e9e193d8ba91062&fccid=729fd277f85e7c48&vjs=3
Jr. Software Developer Intern,Radian Group Inc.,Salt Lake City  UT,30+ days ago,https://www.indeed.com/rc/clk?jk=9a8e5920d0f05276&from=vj&pos=bottom
Software Engineer/ Programming Intern,Fauld Corp,Ogden  UT 84403,19 days ago,https://www.indeed.com/jobs?q=software+engineer+intern&l=Utah&limit=50&radius=25&start=0
QA Engineering Summer Internship: Grad/Undergrad - Lehi  UT,Fidelis Cybersecurity,Lehi  UT,9 days ago,https://www.indeed.com/rc/clk?jk=23144aa270f1de48&from=vj&pos=bottom
SkyRaider Software Development Internship,FLIR Systems,Orem  UT,30+ days ago,https://www.indeed.com/rc/clk?jk=ee5d66ae44356eae&from=vj&pos=bottom
Application Development Intern,Utah Transit Authority,Salt Lake City  UT 84123,27 days ago,https://www.indeed.com/rc/clk?jk=41fbddfdd3f6c06c&from=vj&pos=bottom
Intern Software Engineer St. George  UT,TCN,Saint George  UT,6 months ago,https://www.indeed.com/rc/clk?jk=d582d10238f88754&from=vj&pos=bottom
Application Developer Intern,PassiveLogic,Salt Lake City  UT,5 days ago,https://www.indeed.com/viewjob?jk=78911539276f63d1&fccid=50a540cf6f2c041c&vjs=3
Cloud Software Developer Intern,Radian Group Inc.,Salt Lake City  UT,30+ days ago,https://www.indeed.com/rc/clk?jk=14d800f70d723d49&from=vj&pos=bottom
Summer Internship - DevOps,Verisk,Lehi  UT,7 days ago,https://www.indeed.com/viewjob?jk=298a481ec54c9c6f&fccid=d621f9a5603cfedd&vjs=3
Application Developer Intern (Javascript),PassiveLogic,Salt Lake City  UT,5 days ago,https://www.indeed.com/viewjob?jk=46cdf7880b5854d4&fccid=50a540cf6f2c041c&vjs=3
Information Systems Internship,Hammerton Lighting,Salt Lake City  UT 84116,5 days ago,https://www.indeed.com/jobs?q=software+engineer+intern&l=Utah&limit=50&radius=25&start=0
Data Science Summer Intern - Undergrad,Proofpoint,Draper  UT,6 days ago,https://www.indeed.com/rc/clk?jk=5d217015c69d4580&from=vj&pos=bottom
Cloud Integration Engineer Intern,Federal Reserve Bank of San Francisco,Salt Lake City  UT,30+ days ago,https://www.indeed.com/rc/clk?jk=ebafe3b92cae8543&from=vj&pos=bottom
Engineering Intern,T.D. Williamson  Inc.,Salt Lake City  UT,20 days ago,https://www.indeed.com/rc/clk?jk=7a510dc87732e438&from=vj&pos=bottom
Autonomous Systems & A.I. Developer Intern,PassiveLogic,Holladay  UT,9 days ago,https://www.indeed.com/viewjob?jk=3112bc513d2d555a&fccid=50a540cf6f2c041c&vjs=3
Embedded Systems Engineer Intern,PassiveLogic,Holladay  UT,2 days ago,https://www.indeed.com/viewjob?jk=15df378fe23890eb&fccid=50a540cf6f2c041c&vjs=3
Intern (Computer Science),The Code Corporation,Draper  UT 84020,30+ days ago,https://www.indeed.com/rc/clk?jk=077e015e1f121bf9&from=vj&pos=bottom
Data Analyst Intern,Overstock.com Inc.,Midvale  UT 84047,22 days ago,https://www.indeed.com/rc/clk?jk=27d2a3b3c318ee6f&from=vj&pos=bottom
Software Development INTERN: Year Round,General Atomics and Affiliated Companies,Layton  UT,30+ days ago,https://www.indeed.com/rc/clk?jk=8b9d1830bdc3e64f&from=vj&pos=bottom
Information Technology Intern,CHG Healthcare,Midvale  UT,30+ days ago,https://www.indeed.com/rc/clk?jk=eb9bd1bd7020cf2d&from=vj&pos=bottom
Data Analyst Intern,Hexcel Corporation,Salt Lake City  UT 84118,30+ days ago,https://www.indeed.com/rc/clk?jk=d8cc40d01f19734f&from=vj&pos=bottom
Intern UX UI Designer,Radian Group Inc.,Salt Lake City  UT,13 days ago,https://www.indeed.com/rc/clk?jk=8e1c0d22aa46ddf4&from=vj&pos=bottom
Quality Engineer Intern,Orbit Irrigation Products  Inc.,Salt Lake City  UT,29 days ago,https://www.indeed.com/rc/clk?jk=a38e530656484977&from=vj&pos=bottom
2019 Summer R&D Internship (Full-time) (West Jordan facility...,Merit Medical Systems Inc.,West Jordan  UT 84088,14 days ago,https://www.indeed.com/rc/clk?jk=9757a9bbbedfe3fd&from=vj&pos=bottom
Cyber Security Intern,BAE Systems,Salt Lake City  UT 84116,30+ days ago,https://www.indeed.com/rc/clk?jk=88f11e4e548a2a9f&from=vj&pos=bottom
Quality Engineer Intern,Orbit Irrigation,Salt Lake City  UT,30+ days ago,https://www.indeed.com/rc/clk?jk=dc1e1f96c5dcc7cb&from=vj&pos=bottom
Intern  Firmware Development,Cypress Energy Partners,Salt Lake City  UT,28 days ago,https://www.indeed.com/rc/clk?jk=34ccf6cfe8351552&from=vj&pos=bottom
Intern UI/UX Engineer St. George  UT,TCN,Saint George  UT,6 months ago,https://www.indeed.com/rc/clk?jk=912a23741dcf30ed&from=vj&pos=bottom
Transporation Engineering Intern,AECOM,Murray  UT 84107,30+ days ago,https://www.indeed.com/rc/clk?jk=768bb45515040f09&from=vj&pos=bottom
Business Intelligence Intern,Marketstar,Ogden  UT 84401,9 days ago,https://www.indeed.com/rc/clk?jk=cc41b51a6942545f&from=vj&pos=bottom
Front End Development Intern,Pickcoo,Salt Lake City  UT 84115,30+ days ago,https://www.indeed.com/jobs?q=software+engineer+intern&l=Utah&limit=50&radius=25&start=0
Electrical Engineering Intern,O.C. Tanner,Salt Lake City  UT 84115,15 days ago,https://www.indeed.com/rc/clk?jk=59778e555ce54680&from=vj&pos=bottom
Mechanical Engineering Intern,O.C. Tanner,Salt Lake City  UT 84115,30+ days ago,https://www.indeed.com/rc/clk?jk=114923283cf36e4f&from=vj&pos=bottom
Indexing Operations  Part-time  Paid Intern for up to 12 mon...,The Church of Jesus Christ of Latter-day Saints,Salt Lake City  UT,30+ days ago,https://www.indeed.com/rc/clk?jk=3ee421ec53d1a624&from=vj&pos=bottom
Front,Salt Lake County,Salt Lake City  UT 84190,10 days ago,https://www.indeed.com/rc/clk?jk=e43a2f2fd88a4cb2&from=vj&pos=bottom
Research Intern (Part Time Variable Hours - Temporary),Utah Valley University,Orem  UT 84058,30+ days ago,https://www.indeed.com/rc/clk?jk=bce1a1933cf82edd&from=vj&pos=bottom
Fall 2019 Intern  Additive Manufacturing Simulation Data Ana...,ANSYS,Park City  UT 84098,30+ days ago,https://www.indeed.com/rc/clk?jk=ab07f658ee2a7b14&from=vj&pos=bottom
Intern  Electronics Technician,Cypress Energy Partners,Salt Lake City  UT,28 days ago,https://www.indeed.com/rc/clk?jk=f58408f7c3ebf5b2&from=vj&pos=bottom
Financial Analyst Intern,UpWell Health,Cottonwood Heights  UT,4 months ago,https://www.indeed.com/rc/clk?jk=7c3c2e4268ad0b28&from=vj&pos=bottom
Information Services GIS Intern,Salt Lake County,Salt Lake City  UT 84190,22 days ago,https://www.indeed.com/rc/clk?jk=349d064019a2b055&from=vj&pos=bottom
Product Intern  Deal Marketing,Berkadia Commercial Mortgage,Midvale  UT 84047,30+ days ago,https://www.indeed.com/rc/clk?jk=9168630243276fc6&from=vj&pos=bottom
Business Intelligence Manager,Arivo Acceptance LLC Sandy UT,Sandy  UT,16 days ago,https://www.indeed.com/rc/clk?jk=62537a3fbed781e0&from=vj&pos=bottom
Entry Level Civil Engineer-Land Development,Avenue Consultants,Salt Lake City  UT,6 days ago,https://www.indeed.com/jobs?q=software+engineer+intern&l=Utah&limit=50&radius=25&start=0
General Engineer,US Department of Veterans Affairs,Salt Lake City  UT,7 months ago,https://www.indeed.com/rc/clk?jk=21fc4fd07fe8ad7e&from=vj&pos=bottom
Civil Engineer,US Department of the Interior,Provo  UT,2 days ago,https://www.indeed.com/rc/clk?jk=e8f4dff1419908e0&from=vj&pos=bottom
General Engineer (Energy Manager),US Army  Dugway Proving Ground IMCOM,Dugway  UT,30+ days ago,https://www.indeed.com/jobs?q=software+engineer+intern&l=Utah&limit=50&radius=25&start=0
Electrical Engineering Intern,O.C. Tanner,Salt Lake City  UT 84115,3 days ago,https://www.indeed.com/jobs?q=software+engineer+intern&l=Utah&limit=50&radius=25&start=0
